epoch,step,val_loss
0,0,6.833999156951904
1,1,1.8039278984069824
2,2,0.45616742968559265
3,3,0.27574798464775085
4,4,0.27680328488349915
